,score_name,pitch_name,pitch_onset,pitch_offset
0,premiere_arabesque,C#,1,1 1/3
1,premiere_arabesque,E,1 1/3,1 2/3
2,premiere_arabesque,F#,1 2/3,2
3,premiere_arabesque,G#,2,2 1/3
4,premiere_arabesque,E-,2 1/3,2 2/3
5,premiere_arabesque,B,2 2/3,3
6,premiere_arabesque,A,5,5 1/3
7,premiere_arabesque,C#,5 1/3,5 2/3
8,premiere_arabesque,E-,5 2/3,6
9,premiere_arabesque,E,6,6 1/3
10,premiere_arabesque,B,6 1/3,6 2/3
11,premiere_arabesque,G#,6 2/3,7
12,premiere_arabesque,C#,9,10
13,premiere_arabesque,F#,10,11
14,premiere_arabesque,C#,11,13
15,premiere_arabesque,C#,13,14
16,premiere_arabesque,F#,14,15
17,premiere_arabesque,A,15,17
18,premiere_arabesque,A,17,19 1/3
19,premiere_arabesque,G#,19 1/3,19 2/3
20,premiere_arabesque,F#,19 2/3,20
21,premiere_arabesque,E,21,21 1/3
22,premiere_arabesque,F#,21 1/3,21 2/3
23,premiere_arabesque,C#,21 2/3,22
24,premiere_arabesque,E,22,22 1/3
25,premiere_arabesque,B,22 1/3,22 2/3
26,premiere_arabesque,C#,22 2/3,23
27,premiere_arabesque,G#,23,23 1/3
28,premiere_arabesque,B,23 1/3,23 2/3
29,premiere_arabesque,F#,23 2/3,24
30,premiere_arabesque,G#,24,24 1/3
31,premiere_arabesque,E,24 1/3,24 2/3
32,premiere_arabesque,G#,24 2/3,25
33,premiere_arabesque,E-,25,27
34,premiere_arabesque,C#,27,28
35,premiere_arabesque,B,28,28 1/2
36,premiere_arabesque,E,29,29 1/3
37,premiere_arabesque,F#,29 1/3,29 2/3
38,premiere_arabesque,C#,29 2/3,30
39,premiere_arabesque,E,30,30 1/3
40,premiere_arabesque,B,30 1/3,30 2/3
41,premiere_arabesque,C#,30 2/3,31
42,premiere_arabesque,G#,31,31 1/3
43,premiere_arabesque,B,31 1/3,31 2/3
44,premiere_arabesque,F#,31 2/3,32
45,premiere_arabesque,G#,32,32 1/3
46,premiere_arabesque,E,32 1/3,32 2/3
47,premiere_arabesque,G#,32 2/3,33
48,premiere_arabesque,E-,33,35
49,premiere_arabesque,C#,35,36
50,premiere_arabesque,B,36,36 1/3
51,premiere_arabesque,A,36 1/3,36 2/3
52,premiere_arabesque,B,36 2/3,37
53,premiere_arabesque,C#,37,38 1/2
54,premiere_arabesque,E,38 1/2,39
55,premiere_arabesque,E-,39,39 1/2
56,premiere_arabesque,E,39 1/2,40
57,premiere_arabesque,C#,40,41
58,premiere_arabesque,G#,41,43
59,premiere_arabesque,E,43,44
60,premiere_arabesque,E-,44,44 1/3
61,premiere_arabesque,C#,44 1/3,44 2/3
62,premiere_arabesque,E-,44 2/3,45
63,premiere_arabesque,E,45,46 1/2
64,premiere_arabesque,G#,46 1/2,47
65,premiere_arabesque,F#,47,47 1/2
66,premiere_arabesque,G#,47 1/2,48
67,premiere_arabesque,E,48,49
68,premiere_arabesque,C#,49,51
69,premiere_arabesque,B-,51,51 1/3
70,premiere_arabesque,C#,51 1/3,51 2/3
71,premiere_arabesque,B-,51 2/3,52
72,premiere_arabesque,G#,52,53
73,premiere_arabesque,E,53,55
74,premiere_arabesque,C#,55,55 1/3
75,premiere_arabesque,E,55 1/3,55 2/3
76,premiere_arabesque,C#,55 2/3,56
77,premiere_arabesque,G#,56,57 1/2
78,premiere_arabesque,F#,57 1/2,58
79,premiere_arabesque,G#,58,59 1/2
80,premiere_arabesque,F#,59 1/2,60
81,premiere_arabesque,G#,60,61 1/2
82,premiere_arabesque,F#,61 1/2,62
83,premiere_arabesque,G#,62,62 1/2
84,premiere_arabesque,F#,62 1/2,63 1/2
85,premiere_arabesque,G#,63 1/2,64
86,premiere_arabesque,A,64,66
87,premiere_arabesque,G#,66,68
88,premiere_arabesque,F#,68,70
89,premiere_arabesque,E,70,72
90,premiere_arabesque,E-,72,74
91,premiere_arabesque,E,74,75
92,premiere_arabesque,G#,75,75 1/2
93,premiere_arabesque,B,75 1/2,76
94,premiere_arabesque,E-,76,78 1/2
95,premiere_arabesque,C#,78 1/2,79
96,premiere_arabesque,E,79,79 1/2
97,premiere_arabesque,G#,79 1/2,80
98,premiere_arabesque,B,80,82 1/2
99,premiere_arabesque,A,82 1/2,83
100,premiere_arabesque,C#,83,83 1/2
101,premiere_arabesque,E,83 1/2,84
102,premiere_arabesque,G#,84,86
103,premiere_arabesque,A,86 1/3,86 2/3
104,premiere_arabesque,C#,86 2/3,87
105,premiere_arabesque,E,87,87 1/3
106,premiere_arabesque,G#,87 1/3,87 2/3
107,premiere_arabesque,F#,87 2/3,88
108,premiere_arabesque,E-,88,89
109,premiere_arabesque,G#,89,90
110,premiere_arabesque,F#,90 1/2,91
111,premiere_arabesque,A,91,91 1/2
112,premiere_arabesque,C#,91 1/2,92
113,premiere_arabesque,E,92,94
114,premiere_arabesque,F#,94 1/3,94 2/3
115,premiere_arabesque,A,94 2/3,95
116,premiere_arabesque,C#,95,95 1/3
117,premiere_arabesque,E,95 1/3,95 2/3
118,premiere_arabesque,D,95 2/3,96
119,premiere_arabesque,G#,96,97
120,premiere_arabesque,F#,97,99
121,premiere_arabesque,D,99,100
122,premiere_arabesque,C#,100,105
123,premiere_arabesque,C#,105,106
124,premiere_arabesque,E,106,107
125,premiere_arabesque,C#,107,108
126,premiere_arabesque,F#,108,112 3/4
127,premiere_arabesque,F#,113,114
128,premiere_arabesque,E-,114,118
129,premiere_arabesque,E,118,120
130,premiere_arabesque,A,120,123
131,premiere_arabesque,A,123,125
132,premiere_arabesque,F#,125,126
133,premiere_arabesque,A,125,126
134,premiere_arabesque,G#,126,127
135,premiere_arabesque,B,126,127
136,premiere_arabesque,A,127,128
137,premiere_arabesque,C#,127,128
138,premiere_arabesque,A,128,131
139,premiere_arabesque,A,131,132 3/4
140,premiere_arabesque,F#,133,133 1/3
141,premiere_arabesque,C#,133 1/3,133 2/3
142,premiere_arabesque,E,133 2/3,134
143,premiere_arabesque,G#,134,134 1/3
144,premiere_arabesque,E-,134 1/3,134 2/3
145,premiere_arabesque,F#,134 2/3,135
146,premiere_arabesque,A,135,135 1/3
147,premiere_arabesque,E,135 1/3,135 2/3
148,premiere_arabesque,G#,135 2/3,136
149,premiere_arabesque,B,136,136 1/3
150,premiere_arabesque,F#,136 1/3,136 2/3
151,premiere_arabesque,A,136 2/3,137
152,premiere_arabesque,C#,137,137 1/3
153,premiere_arabesque,G#,137 1/3,137 2/3
154,premiere_arabesque,B,137 2/3,138
155,premiere_arabesque,E-,138,138 1/3
156,premiere_arabesque,A,138 1/3,138 2/3
157,premiere_arabesque,C#,138 2/3,139
158,premiere_arabesque,E,139,139 1/3
159,premiere_arabesque,B,139 1/3,139 2/3
160,premiere_arabesque,E-,139 2/3,140
161,premiere_arabesque,F#,140,140 1/3
162,premiere_arabesque,C#,140 1/3,140 2/3
163,premiere_arabesque,E,140 2/3,141
164,premiere_arabesque,G#,141,141 1/3
165,premiere_arabesque,E-,141 1/3,141 2/3
166,premiere_arabesque,F#,141 2/3,142
167,premiere_arabesque,A,142,142 1/3
168,premiere_arabesque,E,142 1/3,142 2/3
169,premiere_arabesque,G#,142 2/3,143
170,premiere_arabesque,B,143,143 1/3
171,premiere_arabesque,F#,143 1/3,143 2/3
172,premiere_arabesque,A,143 2/3,144
173,premiere_arabesque,G#,144,148
174,premiere_arabesque,B,144,148
175,premiere_arabesque,E,148,152
176,premiere_arabesque,A,152,155
177,premiere_arabesque,G#,155,156
178,premiere_arabesque,F#,156,157
179,premiere_arabesque,A,156,157
180,premiere_arabesque,E-,157,160
181,premiere_arabesque,G#,160,161
182,premiere_arabesque,D,160,161
183,premiere_arabesque,B,161,164
184,premiere_arabesque,D,161,164
185,premiere_arabesque,A,164,165
186,premiere_arabesque,C#,164,165
187,premiere_arabesque,A,165,168
188,premiere_arabesque,C#,165,168
189,premiere_arabesque,A,168,170 3/4
190,premiere_arabesque,G#,171,172
191,premiere_arabesque,E,172,174
192,premiere_arabesque,E-,174,175
193,premiere_arabesque,C#,175,176
194,premiere_arabesque,B,176,176 2/3
195,premiere_arabesque,B,176 2/3,177
196,premiere_arabesque,A,177,179
197,premiere_arabesque,C#,177,179
198,premiere_arabesque,A,179,180
199,premiere_arabesque,C#,179,180
200,premiere_arabesque,E,179,180
201,premiere_arabesque,A,180,181
202,premiere_arabesque,G#,181,183
203,premiere_arabesque,D,184,184 1/3
204,premiere_arabesque,F#,184 1/3,184 2/3
205,premiere_arabesque,A,184 2/3,185
206,premiere_arabesque,C#,185,185 1/3
207,premiere_arabesque,B,185 1/3,185 2/3
208,premiere_arabesque,A,185 2/3,186
209,premiere_arabesque,G#,186,186 1/3
210,premiere_arabesque,B,186 1/3,186 2/3
211,premiere_arabesque,D,186 2/3,187
212,premiere_arabesque,F#,187,187 1/3
213,premiere_arabesque,E,187 1/3,187 2/3
214,premiere_arabesque,D,187 2/3,188
215,premiere_arabesque,C#,188,188 1/3
216,premiere_arabesque,E,188 1/3,188 2/3
217,premiere_arabesque,G#,188 2/3,189
218,premiere_arabesque,B,189,189 1/3
219,premiere_arabesque,A,189 1/3,189 2/3
220,premiere_arabesque,G#,189 2/3,190
221,premiere_arabesque,F#,190,190 1/3
222,premiere_arabesque,A,190 1/3,190 2/3
223,premiere_arabesque,C#,190 2/3,191
224,premiere_arabesque,E,191,191 1/3
225,premiere_arabesque,D,191 1/3,191 2/3
226,premiere_arabesque,C#,191 2/3,192
227,premiere_arabesque,B,192,192 1/3
228,premiere_arabesque,D,192 1/3,192 2/3
229,premiere_arabesque,F#,192 2/3,193
230,premiere_arabesque,A,193,194 1/2
231,premiere_arabesque,G#,194 1/2,195
232,premiere_arabesque,G#,195,196
233,premiere_arabesque,D,195,196
234,premiere_arabesque,A,196,198
235,premiere_arabesque,A,198,199 1/2
236,premiere_arabesque,A,199 1/2,200
237,premiere_arabesque,D,200,200 1/3
238,premiere_arabesque,F#,200 1/3,200 2/3
239,premiere_arabesque,A,200 2/3,201
240,premiere_arabesque,C#,201,201 1/3
241,premiere_arabesque,B,201 1/3,201 2/3
242,premiere_arabesque,A,201 2/3,202
243,premiere_arabesque,G#,202,202 1/3
244,premiere_arabesque,B,202 1/3,202 2/3
245,premiere_arabesque,D,202 2/3,203
246,premiere_arabesque,F#,203,203 1/3
247,premiere_arabesque,E,203 1/3,203 2/3
248,premiere_arabesque,D,203 2/3,204
249,premiere_arabesque,C#,204,204 1/3
250,premiere_arabesque,E,204 1/3,204 2/3
251,premiere_arabesque,G#,204 2/3,205
252,premiere_arabesque,B,205,205 1/3
253,premiere_arabesque,A,205 1/3,205 2/3
254,premiere_arabesque,G#,205 2/3,206
255,premiere_arabesque,F#,206,206 1/3
256,premiere_arabesque,A,206 1/3,206 2/3
257,premiere_arabesque,C#,206 2/3,207
258,premiere_arabesque,E,207,207 1/3
259,premiere_arabesque,D,207 1/3,207 2/3
260,premiere_arabesque,C#,207 2/3,208
261,premiere_arabesque,B,208,208 1/3
262,premiere_arabesque,D,208 1/3,208 2/3
263,premiere_arabesque,F#,208 2/3,209
264,premiere_arabesque,A,209,210 1/2
265,premiere_arabesque,G#,210 1/2,211
266,premiere_arabesque,F#,211,211 1/2
267,premiere_arabesque,G#,211 1/2,212
268,premiere_arabesque,B,212,212 1/3
269,premiere_arabesque,D,212 1/3,212 2/3
270,premiere_arabesque,F#,212 2/3,213
271,premiere_arabesque,A,213,214 1/2
272,premiere_arabesque,G#,214 1/2,215
273,premiere_arabesque,F#,215,215 1/2
274,premiere_arabesque,G#,215 1/2,216
275,premiere_arabesque,G#,216,218
276,premiere_arabesque,F#,218,219
277,premiere_arabesque,F,219,220
278,premiere_arabesque,E,220,222
279,premiere_arabesque,E-,222,224
280,premiere_arabesque,G#,224,225
281,premiere_arabesque,D,224,225
282,premiere_arabesque,B,225,228
283,premiere_arabesque,D,225,228
284,premiere_arabesque,A,228,229
285,premiere_arabesque,C#,228,229
286,premiere_arabesque,A,229,232
287,premiere_arabesque,C#,229,232
288,premiere_arabesque,A,232,235
289,premiere_arabesque,G#,235,236
290,premiere_arabesque,E,236,238
291,premiere_arabesque,E-,238,239
292,premiere_arabesque,C#,239,240
293,premiere_arabesque,B,240,240 2/3
294,premiere_arabesque,B,240 2/3,241
295,premiere_arabesque,A,241,243
296,premiere_arabesque,C#,241,243
297,premiere_arabesque,A,243,244
298,premiere_arabesque,C#,243,244
299,premiere_arabesque,E,243,244
300,premiere_arabesque,A,244,245
301,premiere_arabesque,G#,245,247
302,premiere_arabesque,G,248,249
303,premiere_arabesque,C,248,249
304,premiere_arabesque,A,249,251
305,premiere_arabesque,C,249,251
306,premiere_arabesque,E,249,251
307,premiere_arabesque,F,251,252
308,premiere_arabesque,B,251,252
309,premiere_arabesque,D,251,252
310,premiere_arabesque,E,252,253
311,premiere_arabesque,A,252,253
312,premiere_arabesque,C,252,253
313,premiere_arabesque,D,253,255
314,premiere_arabesque,F,253,255
315,premiere_arabesque,G,253,255
316,premiere_arabesque,E,255,256
317,premiere_arabesque,A,255,256
318,premiere_arabesque,C,255,256
319,premiere_arabesque,F,256,257
320,premiere_arabesque,B,256,257
321,premiere_arabesque,D,256,257
322,premiere_arabesque,A,257,258
323,premiere_arabesque,C,257,258
324,premiere_arabesque,F,257,258
325,premiere_arabesque,G,258,259
326,premiere_arabesque,C,258,259
327,premiere_arabesque,G,258,259
328,premiere_arabesque,C,259,260
329,premiere_arabesque,F,259,260
330,premiere_arabesque,F,260,263 1/2
331,premiere_arabesque,C,264,272
332,premiere_arabesque,C,272,277 2/3
333,premiere_arabesque,C#,278,280
334,premiere_arabesque,A,280,282
335,premiere_arabesque,G#,282,284
336,premiere_arabesque,F#,284,286
337,premiere_arabesque,E,286,288
338,premiere_arabesque,C#,289,290
339,premiere_arabesque,F#,290,291
340,premiere_arabesque,C#,291,293
341,premiere_arabesque,C#,293,294
342,premiere_arabesque,F#,294,295
343,premiere_arabesque,A,295,297
344,premiere_arabesque,A,297,299 1/3
345,premiere_arabesque,G#,299 1/3,299 2/3
346,premiere_arabesque,F#,299 2/3,300
347,premiere_arabesque,E,301,301 1/3
348,premiere_arabesque,F#,301 1/3,301 2/3
349,premiere_arabesque,C#,301 2/3,302
350,premiere_arabesque,E,302,302 1/3
351,premiere_arabesque,B,302 1/3,302 2/3
352,premiere_arabesque,C#,302 2/3,303
353,premiere_arabesque,G#,303,303 1/3
354,premiere_arabesque,B,303 1/3,303 2/3
355,premiere_arabesque,F#,303 2/3,304
356,premiere_arabesque,G#,304,304 1/3
357,premiere_arabesque,E,304 1/3,304 2/3
358,premiere_arabesque,G#,304 2/3,305
359,premiere_arabesque,E-,305,307
360,premiere_arabesque,C#,307,308
361,premiere_arabesque,B,308,309
362,premiere_arabesque,E,309,309 1/3
363,premiere_arabesque,F#,309 1/3,309 2/3
364,premiere_arabesque,C#,309 2/3,310
365,premiere_arabesque,E,310,310 1/3
366,premiere_arabesque,B,310 1/3,310 2/3
367,premiere_arabesque,C#,310 2/3,311
368,premiere_arabesque,G#,311,311 1/3
369,premiere_arabesque,B,311 1/3,311 2/3
370,premiere_arabesque,F#,311 2/3,312
371,premiere_arabesque,G#,312,312 1/3
372,premiere_arabesque,E,312 1/3,312 2/3
373,premiere_arabesque,G#,312 2/3,313
374,premiere_arabesque,E-,313,315
375,premiere_arabesque,C#,315,316
376,premiere_arabesque,B,316,316 1/3
377,premiere_arabesque,A,316 1/3,316 2/3
378,premiere_arabesque,B,316 2/3,317
379,premiere_arabesque,C#,317,318 1/2
380,premiere_arabesque,E,318 1/2,319
381,premiere_arabesque,E-,319,319 1/2
382,premiere_arabesque,E,319 1/2,320
383,premiere_arabesque,C#,320,321
384,premiere_arabesque,G#,321,323
385,premiere_arabesque,E,323,324
386,premiere_arabesque,E-,324,324 1/3
387,premiere_arabesque,C#,324 1/3,324 2/3
388,premiere_arabesque,E-,324 2/3,325
389,premiere_arabesque,E,325,326 1/2
390,premiere_arabesque,G#,326 1/2,327
391,premiere_arabesque,F#,327,327 1/2
392,premiere_arabesque,G#,327 1/2,328
393,premiere_arabesque,E,328,329
394,premiere_arabesque,C#,329,331
395,premiere_arabesque,B-,331,331 1/3
396,premiere_arabesque,C#,331 1/3,331 2/3
397,premiere_arabesque,B-,331 2/3,332
398,premiere_arabesque,G#,332,333
399,premiere_arabesque,E,333,335
400,premiere_arabesque,C#,335,335 1/3
401,premiere_arabesque,E,335 1/3,335 2/3
402,premiere_arabesque,C#,335 2/3,336
403,premiere_arabesque,G#,336,337 1/2
404,premiere_arabesque,F#,337 1/2,338
405,premiere_arabesque,G#,338,339 1/2
406,premiere_arabesque,F#,339 1/2,340
407,premiere_arabesque,G#,340,341 1/2
408,premiere_arabesque,F#,341 1/2,342
409,premiere_arabesque,G#,342,342 1/2
410,premiere_arabesque,F#,342 1/2,343 1/2
411,premiere_arabesque,G#,343 1/2,344
412,premiere_arabesque,A,344,346
413,premiere_arabesque,G#,346,348
414,premiere_arabesque,F#,348,350
415,premiere_arabesque,E,350,352
416,premiere_arabesque,A,352,353
417,premiere_arabesque,E,353,354
418,premiere_arabesque,A,354,354 1/2
419,premiere_arabesque,G#,354 1/2,355
420,premiere_arabesque,E-,355,356
421,premiere_arabesque,C#,356,358
422,premiere_arabesque,B,358,360
423,premiere_arabesque,D,360 1/2,361
424,premiere_arabesque,A,361,362
425,premiere_arabesque,D,362,362 1/2
426,premiere_arabesque,C#,362 1/2,363
427,premiere_arabesque,G#,363,364
428,premiere_arabesque,F#,364,366
429,premiere_arabesque,E,366,368
430,premiere_arabesque,D,368,370
431,premiere_arabesque,C#,370,372
432,premiere_arabesque,B,372,374
433,premiere_arabesque,A,374,376 2/3
434,premiere_arabesque,B,377,377 1/3
435,premiere_arabesque,C#,377 1/3,377 2/3
436,premiere_arabesque,E,377 2/3,378
437,premiere_arabesque,A,378,378 1/3
438,premiere_arabesque,B,378 1/3,378 2/3
439,premiere_arabesque,C#,378 2/3,379
440,premiere_arabesque,E,379,379 1/3
441,premiere_arabesque,C#,379 1/3,379 2/3
442,premiere_arabesque,B,379 2/3,380
443,premiere_arabesque,A,380,380 1/3
444,premiere_arabesque,E,380 1/3,380 2/3
445,premiere_arabesque,C#,380 2/3,381
446,premiere_arabesque,B,381,381 1/3
447,premiere_arabesque,A,381 1/3,381 2/3
448,premiere_arabesque,E,381 2/3,382
449,premiere_arabesque,G#,382,384
450,premiere_arabesque,G#,384,385 3/4
451,premiere_arabesque,F#,386,389 3/4
452,premiere_arabesque,E,390,391
453,premiere_arabesque,E,391,391 1/3
454,premiere_arabesque,F#,391 1/3,391 2/3
455,premiere_arabesque,C#,391 2/3,392
456,premiere_arabesque,E,392,392 1/3
457,premiere_arabesque,B,392 1/3,392 2/3
458,premiere_arabesque,C#,392 2/3,393
459,premiere_arabesque,G#,393,393 1/3
460,premiere_arabesque,B,393 1/3,393 2/3
461,premiere_arabesque,F#,393 2/3,394
462,premiere_arabesque,G#,394,394 1/3
463,premiere_arabesque,E,394 1/3,394 2/3
464,premiere_arabesque,G#,394 2/3,395
465,premiere_arabesque,E-,395,397
466,premiere_arabesque,C#,397,398
467,premiere_arabesque,B,398,399
468,premiere_arabesque,E,399,399 1/3
469,premiere_arabesque,F#,399 1/3,399 2/3
470,premiere_arabesque,C#,399 2/3,400
471,premiere_arabesque,E,400,400 1/3
472,premiere_arabesque,B,400 1/3,400 2/3
473,premiere_arabesque,C#,400 2/3,401
474,premiere_arabesque,G#,401,401 1/3
475,premiere_arabesque,B,401 1/3,401 2/3
476,premiere_arabesque,F#,401 2/3,402
477,premiere_arabesque,G#,402,402 1/3
478,premiere_arabesque,E,402 1/3,402 2/3
479,premiere_arabesque,G#,402 2/3,403
480,premiere_arabesque,E-,403,405
481,premiere_arabesque,C#,405,406
482,premiere_arabesque,B,406 1/3,406 2/3
483,premiere_arabesque,E,406 2/3,407
484,premiere_arabesque,C#,407 1/3,407 2/3
485,premiere_arabesque,G#,407 2/3,408
486,premiere_arabesque,E,408 1/3,408 2/3
487,premiere_arabesque,B,408 2/3,409
488,premiere_arabesque,F#,409 1/3,409 2/3
489,premiere_arabesque,C#,409 2/3,410
490,premiere_arabesque,B,410 1/3,410 2/3
491,premiere_arabesque,E,410 2/3,411
492,premiere_arabesque,C#,411 1/3,411 2/3
493,premiere_arabesque,G#,411 2/3,412
494,premiere_arabesque,E,412 1/3,412 2/3
495,premiere_arabesque,B,412 2/3,413
496,premiere_arabesque,F#,413 1/3,413 2/3
497,premiere_arabesque,C#,413 2/3,414
498,premiere_arabesque,B,414 1/3,414 2/3
499,premiere_arabesque,E,414 2/3,415
500,premiere_arabesque,C#,415 1/3,415 2/3
501,premiere_arabesque,G#,415 2/3,416
502,premiere_arabesque,E,416 1/3,416 2/3
503,premiere_arabesque,B,416 2/3,417
504,premiere_arabesque,F#,417 1/3,417 2/3
505,premiere_arabesque,C#,417 2/3,418
506,premiere_arabesque,E,418,419
507,premiere_arabesque,G#,418,419
508,premiere_arabesque,E,419,421
509,premiere_arabesque,G#,419,421
510,premiere_arabesque,E,421,422
511,premiere_arabesque,G#,421,422
512,premiere_arabesque,E,422,423
513,premiere_arabesque,F#,9 1/3,9 2/3
514,premiere_arabesque,A,9 2/3,11
515,premiere_arabesque,F#,11 1/3,11 2/3
516,premiere_arabesque,A,11 2/3,12 11/12
517,premiere_arabesque,F#,13 1/3,13 2/3
518,premiere_arabesque,A,13 2/3,15
519,premiere_arabesque,A,15 1/3,15 2/3
520,premiere_arabesque,C#,15 2/3,16
521,premiere_arabesque,C#,65,65 1/3
522,premiere_arabesque,E,65 1/3,65 2/3
523,premiere_arabesque,F#,65 2/3,66
524,premiere_arabesque,E-,66 1/3,66 2/3
525,premiere_arabesque,B,66 2/3,67
526,premiere_arabesque,A,69,69 1/3
527,premiere_arabesque,C#,69 1/3,69 2/3
528,premiere_arabesque,E-,69 2/3,70
529,premiere_arabesque,B,70 1/3,70 2/3
530,premiere_arabesque,G#,70 2/3,71
531,premiere_arabesque,G,101,101 1/3
532,premiere_arabesque,A,101 1/3,101 2/3
533,premiere_arabesque,B,101 2/3,102
534,premiere_arabesque,A,102,102 1/3
535,premiere_arabesque,E,102 1/3,102 2/3
536,premiere_arabesque,G,102 2/3,103
537,premiere_arabesque,A,103,103 1/3
538,premiere_arabesque,B,103 1/3,103 2/3
539,premiere_arabesque,A,103 2/3,104
540,premiere_arabesque,G,104,108
541,premiere_arabesque,A,109,109 1/3
542,premiere_arabesque,B,109 1/3,109 2/3
543,premiere_arabesque,C#,109 2/3,110
544,premiere_arabesque,B,110,110 1/3
545,premiere_arabesque,A,110 1/3,110 2/3
546,premiere_arabesque,B,110 2/3,111
547,premiere_arabesque,C#,111,111 1/3
548,premiere_arabesque,B,111 1/3,111 2/3
549,premiere_arabesque,A,111 2/3,112
550,premiere_arabesque,C#,112,114
551,premiere_arabesque,A,114,115
552,premiere_arabesque,F#,115,116
553,premiere_arabesque,B,116,117
554,premiere_arabesque,G#,117,118
555,premiere_arabesque,B,118,119
556,premiere_arabesque,G#,119,120
557,premiere_arabesque,C#,120,125
558,premiere_arabesque,C#,128,132 3/4
559,premiere_arabesque,A,133,134
560,premiere_arabesque,B,134,135
561,premiere_arabesque,C#,135,136
562,premiere_arabesque,E-,136,137
563,premiere_arabesque,E,137,138
564,premiere_arabesque,F#,138,139
565,premiere_arabesque,G#,139,140
566,premiere_arabesque,A,140,141
567,premiere_arabesque,B,141,142
568,premiere_arabesque,C#,142,143
569,premiere_arabesque,E-,143,144
570,premiere_arabesque,F#,144,146
571,premiere_arabesque,E,146,148
572,premiere_arabesque,E,152,152 1/3
573,premiere_arabesque,D,152 1/3,152 2/3
574,premiere_arabesque,E,152 2/3,153
575,premiere_arabesque,C#,153,154 1/2
576,premiere_arabesque,B,154 1/2,155
577,premiere_arabesque,B,155,155 1/2
578,premiere_arabesque,C#,155 1/2,156
579,premiere_arabesque,F#,157,159
580,premiere_arabesque,G#,159,160
581,premiere_arabesque,F#,160,160 1/2
582,premiere_arabesque,E,160 1/2,161
583,premiere_arabesque,F#,161,163
584,premiere_arabesque,E,163,164
585,premiere_arabesque,F#,164,164 1/2
586,premiere_arabesque,E,164 1/2,165
587,premiere_arabesque,G#,165,166 1/2
588,premiere_arabesque,B,166 1/2,167
589,premiere_arabesque,A,167,167 1/2
590,premiere_arabesque,F#,167 1/2,168
591,premiere_arabesque,E,168,168 1/3
592,premiere_arabesque,D,168 1/3,168 2/3
593,premiere_arabesque,E,168 2/3,169
594,premiere_arabesque,C#,169,170 1/2
595,premiere_arabesque,B,170 1/2,171
596,premiere_arabesque,B,171,171 1/2
597,premiere_arabesque,C#,171 1/2,172
598,premiere_arabesque,A,172,173
599,premiere_arabesque,F#,173,174 1/2
600,premiere_arabesque,F#,174 1/2,175
601,premiere_arabesque,F#,175,175 1/2
602,premiere_arabesque,G#,175 1/2,176
603,premiere_arabesque,F#,176,176 1/3
604,premiere_arabesque,E,176 1/3,176 2/3
605,premiere_arabesque,B,180,183
606,premiere_arabesque,E,180,183
607,premiere_arabesque,B,194,195
608,premiere_arabesque,D,194,195
609,premiere_arabesque,F#,195,195 1/2
610,premiere_arabesque,E,195 1/2,196
611,premiere_arabesque,C#,196,197 1/2
612,premiere_arabesque,C#,197 1/2,198
613,premiere_arabesque,D,198,198 1/2
614,premiere_arabesque,C#,198 1/2,199
615,premiere_arabesque,B,199,199 1/2
616,premiere_arabesque,B,210,212
617,premiere_arabesque,D,210,212
618,premiere_arabesque,B,214,216
619,premiere_arabesque,D,214,216
620,premiere_arabesque,E,216,216 1/3
621,premiere_arabesque,D,216 1/3,216 2/3
622,premiere_arabesque,E,216 2/3,217
623,premiere_arabesque,C#,217,218 1/2
624,premiere_arabesque,B,218 1/2,219
625,premiere_arabesque,B,219,219 1/2
626,premiere_arabesque,C#,219 1/2,220
627,premiere_arabesque,A,220,221
628,premiere_arabesque,F#,221,223
629,premiere_arabesque,G#,223,224
630,premiere_arabesque,F#,224,224 1/2
631,premiere_arabesque,E,224 1/2,225
632,premiere_arabesque,F#,225,227
633,premiere_arabesque,E,227,228
634,premiere_arabesque,F#,228,228 1/2
635,premiere_arabesque,E,228 1/2,229
636,premiere_arabesque,G#,229,230 1/2
637,premiere_arabesque,B,230 1/2,231
638,premiere_arabesque,A,231,231 1/2
639,premiere_arabesque,F#,231 1/2,232
640,premiere_arabesque,E,232,232 1/3
641,premiere_arabesque,D,232 1/3,232 2/3
642,premiere_arabesque,E,232 2/3,233
643,premiere_arabesque,C#,233,234 1/2
644,premiere_arabesque,B,234 1/2,235
645,premiere_arabesque,B,235,235 1/2
646,premiere_arabesque,C#,235 1/2,236
647,premiere_arabesque,A,236,237
648,premiere_arabesque,G#,237,238 1/2
649,premiere_arabesque,F#,238 1/2,239
650,premiere_arabesque,F#,239,239 1/2
651,premiere_arabesque,G#,239 1/2,240
652,premiere_arabesque,F#,240,240 1/3
653,premiere_arabesque,E,240 1/3,240 2/3
654,premiere_arabesque,B,244,247
655,premiere_arabesque,E,244,247
656,premiere_arabesque,G,248,248 1/3
657,premiere_arabesque,F,248 1/3,248 2/3
658,premiere_arabesque,G,248 2/3,249
659,premiere_arabesque,A,259,259 1/2
660,premiere_arabesque,C,259 1/2,260
661,premiere_arabesque,B,260,262
662,premiere_arabesque,D,260,262
663,premiere_arabesque,G,262,264
664,premiere_arabesque,G,264,264 1/3
665,premiere_arabesque,F,264 1/3,264 2/3
666,premiere_arabesque,G,264 2/3,265
667,premiere_arabesque,E,265,267
668,premiere_arabesque,D,267,268
669,premiere_arabesque,E,268,270
670,premiere_arabesque,F,270,272
671,premiere_arabesque,G,272,272 1/3
672,premiere_arabesque,F,272 1/3,272 2/3
673,premiere_arabesque,G,272 2/3,273
674,premiere_arabesque,E,273,275
675,premiere_arabesque,G,275,276
676,premiere_arabesque,G#,276,276 1/3
677,premiere_arabesque,F#,276 1/3,276 2/3
678,premiere_arabesque,G#,276 2/3,277
679,premiere_arabesque,E,277,279
680,premiere_arabesque,G#,279,280
681,premiere_arabesque,C#,281,281 1/3
682,premiere_arabesque,E,281 1/3,281 2/3
683,premiere_arabesque,F#,281 2/3,282
684,premiere_arabesque,E-,282 1/3,282 2/3
685,premiere_arabesque,B,282 2/3,283
686,premiere_arabesque,A,285,285 1/3
687,premiere_arabesque,C#,285 1/3,285 2/3
688,premiere_arabesque,E-,285 2/3,286
689,premiere_arabesque,B,286 1/3,286 2/3
690,premiere_arabesque,G#,286 2/3,287
691,premiere_arabesque,F#,289 1/3,289 2/3
692,premiere_arabesque,A,289 2/3,291
693,premiere_arabesque,F#,291 1/3,291 2/3
694,premiere_arabesque,A,291 2/3,292 11/12
695,premiere_arabesque,F#,293 1/3,293 2/3
696,premiere_arabesque,A,293 2/3,295
697,premiere_arabesque,A,295 1/3,295 2/3
698,premiere_arabesque,C#,295 2/3,296
699,premiere_arabesque,C#,345,345 1/3
700,premiere_arabesque,E,345 1/3,345 2/3
701,premiere_arabesque,F#,345 2/3,346
702,premiere_arabesque,E-,346 1/3,346 2/3
703,premiere_arabesque,B,346 2/3,347
704,premiere_arabesque,A,349,349 1/3
705,premiere_arabesque,C#,349 1/3,349 2/3
706,premiere_arabesque,E-,349 2/3,350
707,premiere_arabesque,B,350 1/3,350 2/3
708,premiere_arabesque,G#,350 2/3,351
709,premiere_arabesque,B,353,353 1/2
710,premiere_arabesque,C#,353 1/2,354
711,premiere_arabesque,A,355,355 1/2
712,premiere_arabesque,G#,355 1/2,357
713,premiere_arabesque,F#,357,359
714,premiere_arabesque,E,359,360 1/2
715,premiere_arabesque,E,361,361 1/2
716,premiere_arabesque,F#,361 1/2,362
717,premiere_arabesque,D,363,363 1/2
718,premiere_arabesque,C#,363 1/2,365
719,premiere_arabesque,B,365,367
720,premiere_arabesque,A,367,368 1/2
721,premiere_arabesque,G#,368 1/2,369
722,premiere_arabesque,A,369,369 1/2
723,premiere_arabesque,G#,369 1/2,370
724,premiere_arabesque,C#,370,370 1/2
725,premiere_arabesque,A,370 1/2,371
726,premiere_arabesque,F#,371,372 1/2
727,premiere_arabesque,E,372 1/2,373
728,premiere_arabesque,F#,373,373 1/2
729,premiere_arabesque,E,373 1/2,374
730,premiere_arabesque,B,384 1/3,384 2/3
731,premiere_arabesque,E-,384 2/3,385
732,premiere_arabesque,G#,385,385 1/3
733,premiere_arabesque,B,385 1/3,385 2/3
734,premiere_arabesque,B,385 2/3,386
735,premiere_arabesque,A,388,388 1/3
736,premiere_arabesque,B,388 1/3,388 2/3
737,premiere_arabesque,E-,388 2/3,389
738,premiere_arabesque,A,389,389 1/3
739,premiere_arabesque,B,389 1/3,389 2/3
740,premiere_arabesque,B,389 2/3,390
741,premiere_arabesque,G#,123 1/3,123 2/3
742,premiere_arabesque,F#,123 2/3,124
743,premiere_arabesque,G#,131 1/3,131 2/3
744,premiere_arabesque,F#,131 2/3,132
745,premiere_arabesque,F#,196,196 1/2
746,premiere_arabesque,E,196 1/2,197
747,premiere_arabesque,D,197,197 1/2
748,premiere_arabesque,C#,0,1/3
749,premiere_arabesque,E,1/3,2/3
750,premiere_arabesque,A,2/3,1
751,premiere_arabesque,G#,3,3 1/3
752,premiere_arabesque,E-,3 1/3,3 2/3
753,premiere_arabesque,B,3 2/3,4
754,premiere_arabesque,A,4,4 1/3
755,premiere_arabesque,C#,4 1/3,4 2/3
756,premiere_arabesque,F#,4 2/3,5
757,premiere_arabesque,E,7,7 1/3
758,premiere_arabesque,B,7 1/3,7 2/3
759,premiere_arabesque,G#,7 2/3,8
760,premiere_arabesque,F#,8,10
761,premiere_arabesque,E,10,12
762,premiere_arabesque,E-,12,14
763,premiere_arabesque,C#,14,16
764,premiere_arabesque,B,16,16 1/3
765,premiere_arabesque,F#,16 1/3,16 2/3
766,premiere_arabesque,A,16 2/3,17
767,premiere_arabesque,C#,17,17 1/3
768,premiere_arabesque,E-,17 1/3,17 2/3
769,premiere_arabesque,F#,17 2/3,18
770,premiere_arabesque,A,18,18 1/3
771,premiere_arabesque,C#,18 1/3,18 2/3
772,premiere_arabesque,E-,18 2/3,19
773,premiere_arabesque,C#,19,19 1/3
774,premiere_arabesque,B,19 1/3,19 2/3
775,premiere_arabesque,A,19 2/3,20
776,premiere_arabesque,E,20,20 1/2
777,premiere_arabesque,B,20 1/2,21
778,premiere_arabesque,E,21,21 1/2
779,premiere_arabesque,G#,21 1/2,22
780,premiere_arabesque,B,22,22 1/2
781,premiere_arabesque,G#,22 1/2,23
782,premiere_arabesque,E,23,23 1/2
783,premiere_arabesque,B,23 1/2,24
784,premiere_arabesque,E,24,24 1/2
785,premiere_arabesque,C#,24 1/2,25
786,premiere_arabesque,E,25,25 1/2
787,premiere_arabesque,G#,25 1/2,26
788,premiere_arabesque,C#,26,26 1/2
789,premiere_arabesque,G#,26 1/2,27
790,premiere_arabesque,E,27,27 1/2
791,premiere_arabesque,C#,27 1/2,28
792,premiere_arabesque,E,28,28 1/2
793,premiere_arabesque,B,28 1/2,29
794,premiere_arabesque,E,29,29 1/2
795,premiere_arabesque,G#,29 1/2,30
796,premiere_arabesque,B,30,30 1/2
797,premiere_arabesque,G#,30 1/2,31
798,premiere_arabesque,E,31,31 1/2
799,premiere_arabesque,B,31 1/2,32
800,premiere_arabesque,E,32,32 1/2
801,premiere_arabesque,C#,32 1/2,33
802,premiere_arabesque,E,33,33 1/2
803,premiere_arabesque,G#,33 1/2,34
804,premiere_arabesque,C#,34,34 1/2
805,premiere_arabesque,G#,34 1/2,35
806,premiere_arabesque,E,35,35 1/2
807,premiere_arabesque,C#,35 1/2,36
808,premiere_arabesque,F#,36,36 1/2
809,premiere_arabesque,C#,36 1/2,37
810,premiere_arabesque,E,37,37 1/2
811,premiere_arabesque,F#,37 1/2,38
812,premiere_arabesque,A,38,38 1/2
813,premiere_arabesque,F#,38 1/2,39
814,premiere_arabesque,E,39,39 1/2
815,premiere_arabesque,C#,39 1/2,40
816,premiere_arabesque,G#,40,40 1/2
817,premiere_arabesque,C#,40 1/2,41
818,premiere_arabesque,E,41,41 1/2
819,premiere_arabesque,G#,41 1/2,42
820,premiere_arabesque,B,42,42 1/2
821,premiere_arabesque,G#,42 1/2,43
822,premiere_arabesque,E,43,43 1/2
823,premiere_arabesque,C#,43 1/2,44
824,premiere_arabesque,A,44,44 1/2
825,premiere_arabesque,E,44 1/2,45
826,premiere_arabesque,F#,45,45 1/2
827,premiere_arabesque,A,45 1/2,46
828,premiere_arabesque,C#,46,46 1/2
829,premiere_arabesque,A,46 1/2,47
830,premiere_arabesque,F#,47,47 1/2
831,premiere_arabesque,E,47 1/2,48
832,premiere_arabesque,B-,48,48 1/2
833,premiere_arabesque,E,48 1/2,49
834,premiere_arabesque,G#,49,49 1/2
835,premiere_arabesque,C#,49 1/2,50
836,premiere_arabesque,C#,50,50 1/2
837,premiere_arabesque,F#,50 1/2,51
838,premiere_arabesque,B-,51,51 1/2
839,premiere_arabesque,E,51 1/2,52
840,premiere_arabesque,E,52,52 1/2
841,premiere_arabesque,B-,52 1/2,53
842,premiere_arabesque,C#,53,53 1/2
843,premiere_arabesque,G#,53 1/2,54
844,premiere_arabesque,F#,54,54 1/2
845,premiere_arabesque,C#,54 1/2,55
846,premiere_arabesque,E,55,55 1/2
847,premiere_arabesque,B-,55 1/2,56
848,premiere_arabesque,B-,56,56 1/2
849,premiere_arabesque,E,56 1/2,57
850,premiere_arabesque,G#,57,57 1/2
851,premiere_arabesque,C#,57 1/2,58
852,premiere_arabesque,C#,58,58 1/2
853,premiere_arabesque,F#,58 1/2,59
854,premiere_arabesque,B-,59,59 1/2
855,premiere_arabesque,E,59 1/2,60
856,premiere_arabesque,B-,60,60 1/2
857,premiere_arabesque,E,60 1/2,61
858,premiere_arabesque,G#,61,61 1/2
859,premiere_arabesque,C#,61 1/2,62
860,premiere_arabesque,C#,62,62 1/2
861,premiere_arabesque,F#,62 1/2,63
862,premiere_arabesque,B-,63,63 1/2
863,premiere_arabesque,E,63 1/2,64
864,premiere_arabesque,C#,64,64 1/3
865,premiere_arabesque,E,64 1/3,64 2/3
866,premiere_arabesque,A,64 2/3,65
867,premiere_arabesque,G#,67,67 1/3
868,premiere_arabesque,E-,67 1/3,67 2/3
869,premiere_arabesque,B,67 2/3,68
870,premiere_arabesque,A,68,68 1/3
871,premiere_arabesque,C#,68 1/3,68 2/3
872,premiere_arabesque,F#,68 2/3,69
873,premiere_arabesque,E,71,71 1/3
874,premiere_arabesque,B,71 1/3,71 2/3
875,premiere_arabesque,G#,71 2/3,72
876,premiere_arabesque,G,72,72 1/3
877,premiere_arabesque,C#,72 1/3,72 2/3
878,premiere_arabesque,E-,72 2/3,73
879,premiere_arabesque,B-,73,73 1/3
880,premiere_arabesque,E-,73 1/3,73 2/3
881,premiere_arabesque,C#,73 2/3,74
882,premiere_arabesque,G#,74,74 1/3
883,premiere_arabesque,C#,74 1/3,74 2/3
884,premiere_arabesque,E,74 2/3,75
885,premiere_arabesque,B,75,75 1/3
886,premiere_arabesque,E,75 1/3,75 2/3
887,premiere_arabesque,C#,75 2/3,76
888,premiere_arabesque,G,76,76 1/3
889,premiere_arabesque,C#,76 1/3,76 2/3
890,premiere_arabesque,E-,76 2/3,77
891,premiere_arabesque,B-,77,77 1/3
892,premiere_arabesque,E-,77 1/3,77 2/3
893,premiere_arabesque,C#,77 2/3,78
894,premiere_arabesque,E,78,78 1/3
895,premiere_arabesque,A,78 1/3,78 2/3
896,premiere_arabesque,C#,78 2/3,79
897,premiere_arabesque,G#,79,79 1/3
898,premiere_arabesque,C#,79 1/3,79 2/3
899,premiere_arabesque,A,79 2/3,80
900,premiere_arabesque,E-,80,80 1/3
901,premiere_arabesque,A,80 1/3,80 2/3
902,premiere_arabesque,B,80 2/3,81
903,premiere_arabesque,F#,81,81 1/3
904,premiere_arabesque,B,81 1/3,81 2/3
905,premiere_arabesque,A,81 2/3,82
906,premiere_arabesque,C#,82,82 1/3
907,premiere_arabesque,F#,82 1/3,82 2/3
908,premiere_arabesque,A,82 2/3,83
909,premiere_arabesque,E,83,83 1/3
910,premiere_arabesque,A,83 1/3,83 2/3
911,premiere_arabesque,F#,83 2/3,84
912,premiere_arabesque,C,84,84 1/3
913,premiere_arabesque,F#,84 1/3,84 2/3
914,premiere_arabesque,G#,84 2/3,85
915,premiere_arabesque,E-,85,85 1/3
916,premiere_arabesque,G#,85 1/3,85 2/3
917,premiere_arabesque,F#,85 2/3,86
918,premiere_arabesque,C#,86,86 1/3
919,premiere_arabesque,F#,86 1/3,86 2/3
920,premiere_arabesque,A,86 2/3,87
921,premiere_arabesque,E,87,87 1/3
922,premiere_arabesque,A,87 1/3,87 2/3
923,premiere_arabesque,F#,87 2/3,88
924,premiere_arabesque,C,88,88 1/3
925,premiere_arabesque,F#,88 1/3,88 2/3
926,premiere_arabesque,G#,88 2/3,89
927,premiere_arabesque,E-,89,89 1/3
928,premiere_arabesque,G#,89 1/3,89 2/3
929,premiere_arabesque,F#,89 2/3,90
930,premiere_arabesque,B,90,90 1/3
931,premiere_arabesque,F#,90 1/3,90 2/3
932,premiere_arabesque,A,90 2/3,91
933,premiere_arabesque,D,91,91 1/3
934,premiere_arabesque,A,91 1/3,91 2/3
935,premiere_arabesque,F#,91 2/3,92
936,premiere_arabesque,B,92,92 1/3
937,premiere_arabesque,E,92 1/3,92 2/3
938,premiere_arabesque,G#,92 2/3,93
939,premiere_arabesque,D,93,93 1/3
940,premiere_arabesque,G#,93 1/3,93 2/3
941,premiere_arabesque,E,93 2/3,94
942,premiere_arabesque,B,94,94 1/3
943,premiere_arabesque,F#,94 1/3,94 2/3
944,premiere_arabesque,A,94 2/3,95
945,premiere_arabesque,D,95,95 1/3
946,premiere_arabesque,A,95 1/3,95 2/3
947,premiere_arabesque,F#,95 2/3,96
948,premiere_arabesque,B,96,96 1/3
949,premiere_arabesque,E,96 1/3,96 2/3
950,premiere_arabesque,G#,96 2/3,97
951,premiere_arabesque,D,97,97 1/3
952,premiere_arabesque,G#,97 1/3,97 2/3
953,premiere_arabesque,E,97 2/3,98
954,premiere_arabesque,E,98,98 1/3
955,premiere_arabesque,B,98 1/3,98 2/3
956,premiere_arabesque,E,98 2/3,99
957,premiere_arabesque,F#,99,99 1/3
958,premiere_arabesque,G#,99 1/3,99 2/3
959,premiere_arabesque,B,99 2/3,100
960,premiere_arabesque,A,100,100 1/3
961,premiere_arabesque,A,100 1/3,107 7/12
962,premiere_arabesque,D,108,108 1/2
963,premiere_arabesque,A,108 1/2,109
964,premiere_arabesque,F#,109,111 3/4
965,premiere_arabesque,B,112,112 1/2
966,premiere_arabesque,B,112 1/2,113
967,premiere_arabesque,F#,113,113 1/2
968,premiere_arabesque,A,113 1/2,114
969,premiere_arabesque,B,114,115
970,premiere_arabesque,G#,116,116 1/2
971,premiere_arabesque,G#,116 1/2,117
972,premiere_arabesque,E,117,117 1/2
973,premiere_arabesque,G#,117 1/2,118
974,premiere_arabesque,B,118,119
975,premiere_arabesque,F#,120,120 1/3
976,premiere_arabesque,F#,120 1/3,120 2/3
977,premiere_arabesque,C#,120 2/3,121
978,premiere_arabesque,E,121,121 1/3
979,premiere_arabesque,F#,121 1/3,121 2/3
980,premiere_arabesque,A,121 2/3,122
981,premiere_arabesque,C#,122,122 1/3
982,premiere_arabesque,E,122 1/3,122 2/3
983,premiere_arabesque,F#,122 2/3,123
984,premiere_arabesque,E,124,126
985,premiere_arabesque,E-,126,127
986,premiere_arabesque,C#,127,128
987,premiere_arabesque,F#,128,128 1/3
988,premiere_arabesque,F#,128 1/3,128 2/3
989,premiere_arabesque,C#,128 2/3,129
990,premiere_arabesque,E,129,129 1/3
991,premiere_arabesque,F#,129 1/3,129 2/3
992,premiere_arabesque,A,129 2/3,130
993,premiere_arabesque,C#,130,130 1/3
994,premiere_arabesque,E,130 1/3,130 2/3
995,premiere_arabesque,F#,130 2/3,131
996,premiere_arabesque,E,132,133 2/3
997,premiere_arabesque,F#,134,136
998,premiere_arabesque,B,136,136 1/2
999,premiere_arabesque,F#,137,137 1/2
1000,premiere_arabesque,A,138,138 1/2
1001,premiere_arabesque,B,139,139 1/2
1002,premiere_arabesque,E-,140,140 1/2
1003,premiere_arabesque,F#,141,141 1/2
1004,premiere_arabesque,A,142,142 1/2
1005,premiere_arabesque,B,143,143 1/2
1006,premiere_arabesque,E,144,144 1/2
1007,premiere_arabesque,E,144 1/2,145
1008,premiere_arabesque,B,145,145 1/2
1009,premiere_arabesque,E,145 1/2,146
1010,premiere_arabesque,G#,146,146 1/2
1011,premiere_arabesque,B,146 1/2,147
1012,premiere_arabesque,E,147,147 1/2
1013,premiere_arabesque,G#,147 1/2,148
1014,premiere_arabesque,E,150,152
1015,premiere_arabesque,B,152,152 1/2
1016,premiere_arabesque,C#,152 1/2,153
1017,premiere_arabesque,D,153,155
1018,premiere_arabesque,E,155,156
1019,premiere_arabesque,D,155,156
1020,premiere_arabesque,F#,156,157
1021,premiere_arabesque,C#,156,157
1022,premiere_arabesque,B,157,159 3/4
1023,premiere_arabesque,A,157,159 3/4
1024,premiere_arabesque,E,160,161
1025,premiere_arabesque,B,160,161
1026,premiere_arabesque,G#,161,164
1027,premiere_arabesque,D,161,164
1028,premiere_arabesque,A,164,165
1029,premiere_arabesque,E,164,165
1030,premiere_arabesque,E,165,167 3/4
1031,premiere_arabesque,A,165,167 3/4
1032,premiere_arabesque,C#,165,167 3/4
1033,premiere_arabesque,E,165,167 3/4
1034,premiere_arabesque,B,168,168 1/2
1035,premiere_arabesque,C#,168 1/2,169
1036,premiere_arabesque,D,169,172
1037,premiere_arabesque,F#,172,173
1038,premiere_arabesque,C#,172,173
1039,premiere_arabesque,B,173,175
1040,premiere_arabesque,A,173,175
1041,premiere_arabesque,A,175,176
1042,premiere_arabesque,E-,175,176
1043,premiere_arabesque,G#,176,177
1044,premiere_arabesque,E,176,177
1045,premiere_arabesque,F#,177,179
1046,premiere_arabesque,E,177,179
1047,premiere_arabesque,B,179,180
1048,premiere_arabesque,B,179,180
1049,premiere_arabesque,E,180,182
1050,premiere_arabesque,B,180,182
1051,premiere_arabesque,E,182,183
1052,premiere_arabesque,E,183,184
1053,premiere_arabesque,F#,185,187
1054,premiere_arabesque,E,187,188
1055,premiere_arabesque,A,189,191
1056,premiere_arabesque,A,189,191
1057,premiere_arabesque,D,191,192
1058,premiere_arabesque,D,191,192
1059,premiere_arabesque,B,193,194
1060,premiere_arabesque,B,193,194
1061,premiere_arabesque,F#,194,195
1062,premiere_arabesque,B,194,195
1063,premiere_arabesque,D,194,195
1064,premiere_arabesque,F#,194,195
1065,premiere_arabesque,E,195,196
1066,premiere_arabesque,E,195,196
1067,premiere_arabesque,A,196,197
1068,premiere_arabesque,A,196,197
1069,premiere_arabesque,E,197,198
1070,premiere_arabesque,F#,198,198 1/2
1071,premiere_arabesque,E,198 1/2,199
1072,premiere_arabesque,D,199,199 1/2
1073,premiere_arabesque,C#,199 1/2,200
1074,premiere_arabesque,F#,201,203
1075,premiere_arabesque,E,203,204
1076,premiere_arabesque,A,205,207
1077,premiere_arabesque,A,205,207
1078,premiere_arabesque,D,207,208
1079,premiere_arabesque,D,207,208
1080,premiere_arabesque,B,209,209 1/2
1081,premiere_arabesque,B,209,209 1/2
1082,premiere_arabesque,F#,210,212
1083,premiere_arabesque,B,210,212
1084,premiere_arabesque,D,210,212
1085,premiere_arabesque,F#,210,212
1086,premiere_arabesque,D,213,213 1/2
1087,premiere_arabesque,D,213,213 1/2
1088,premiere_arabesque,F#,214,216
1089,premiere_arabesque,B,214,216
1090,premiere_arabesque,D,214,216
1091,premiere_arabesque,F#,214,216
1092,premiere_arabesque,E,216,218
1093,premiere_arabesque,F#,218,219
1094,premiere_arabesque,G#,219,220
1095,premiere_arabesque,A,220,222
1096,premiere_arabesque,C#,220,222
1097,premiere_arabesque,B,222,224
1098,premiere_arabesque,A,222,224
1099,premiere_arabesque,E,224,225
1100,premiere_arabesque,B,224,225
1101,premiere_arabesque,G#,225,228
1102,premiere_arabesque,D,225,228
1103,premiere_arabesque,A,228,229
1104,premiere_arabesque,E,228,229
1105,premiere_arabesque,E,229,231 3/4
1106,premiere_arabesque,A,229,231 3/4
1107,premiere_arabesque,C#,229,231 3/4
1108,premiere_arabesque,E,229,231 3/4
1109,premiere_arabesque,B,232,232 1/2
1110,premiere_arabesque,C#,232 1/2,233
1111,premiere_arabesque,D,233,236
1112,premiere_arabesque,F#,236,238
1113,premiere_arabesque,C#,236,238
1114,premiere_arabesque,B,238,239
1115,premiere_arabesque,A,238,239
1116,premiere_arabesque,A,239,240
1117,premiere_arabesque,E-,239,240
1118,premiere_arabesque,G#,240,241
1119,premiere_arabesque,E,240,241
1120,premiere_arabesque,F#,241,243
1121,premiere_arabesque,E,241,243
1122,premiere_arabesque,B,243,244
1123,premiere_arabesque,B,243,244
1124,premiere_arabesque,E,244,246
1125,premiere_arabesque,B,244,246
1126,premiere_arabesque,E,246,247
1127,premiere_arabesque,E,247,248
1128,premiere_arabesque,E,248,249
1129,premiere_arabesque,C,248,249
1130,premiere_arabesque,F,249,251
1131,premiere_arabesque,C,249,251
1132,premiere_arabesque,G,251,252
1133,premiere_arabesque,A,252,253
1134,premiere_arabesque,B,253,255
1135,premiere_arabesque,A,255,256
1136,premiere_arabesque,G,256,257
1137,premiere_arabesque,F,257,258
1138,premiere_arabesque,E,258,259
1139,premiere_arabesque,D,259,260
1140,premiere_arabesque,D,259,260
1141,premiere_arabesque,G,260,260 1/2
1142,premiere_arabesque,G,260 1/2,261
1143,premiere_arabesque,D,261,261 1/2
1144,premiere_arabesque,F,261 1/2,262
1145,premiere_arabesque,G,262,262 1/2
1146,premiere_arabesque,B,262 1/2,263
1147,premiere_arabesque,D,263,263 1/2
1148,premiere_arabesque,F,263 1/2,264
1149,premiere_arabesque,E,264,266
1150,premiere_arabesque,G,264,266
1151,premiere_arabesque,F,266,268
1152,premiere_arabesque,A,266,268
1153,premiere_arabesque,G,268,270
1154,premiere_arabesque,B-,268,270
1155,premiere_arabesque,F,270,272
1156,premiere_arabesque,A,270,272
1157,premiere_arabesque,E,272,279 1/2
1158,premiere_arabesque,E-,279 1/2,280
1159,premiere_arabesque,C#,280,280 1/3
1160,premiere_arabesque,E,280 1/3,280 2/3
1161,premiere_arabesque,A,280 2/3,281
1162,premiere_arabesque,G#,283,283 1/3
1163,premiere_arabesque,E-,283 1/3,283 2/3
1164,premiere_arabesque,B,283 2/3,284
1165,premiere_arabesque,A,284,284 1/3
1166,premiere_arabesque,C#,284 1/3,284 2/3
1167,premiere_arabesque,F#,284 2/3,285
1168,premiere_arabesque,E,287,287 1/3
1169,premiere_arabesque,B,287 1/3,287 2/3
1170,premiere_arabesque,G#,287 2/3,288
1171,premiere_arabesque,F#,288,290
1172,premiere_arabesque,E,290,292
1173,premiere_arabesque,E-,292,294
1174,premiere_arabesque,C#,294,296
1175,premiere_arabesque,B,296,296 1/3
1176,premiere_arabesque,F#,296 1/3,296 2/3
1177,premiere_arabesque,A,296 2/3,297
1178,premiere_arabesque,C#,297,297 1/3
1179,premiere_arabesque,E-,297 1/3,297 2/3
1180,premiere_arabesque,F#,297 2/3,298
1181,premiere_arabesque,A,298,298 1/3
1182,premiere_arabesque,C#,298 1/3,298 2/3
1183,premiere_arabesque,E-,298 2/3,299
1184,premiere_arabesque,C#,299,299 1/3
1185,premiere_arabesque,B,299 1/3,299 2/3
1186,premiere_arabesque,A,299 2/3,300
1187,premiere_arabesque,E,300,300 1/2
1188,premiere_arabesque,B,300 1/2,301
1189,premiere_arabesque,E,301,301 1/2
1190,premiere_arabesque,G#,301 1/2,302
1191,premiere_arabesque,B,302,302 1/2
1192,premiere_arabesque,G#,302 1/2,303
1193,premiere_arabesque,E,303,303 1/2
1194,premiere_arabesque,B,303 1/2,304
1195,premiere_arabesque,E,304,304 1/2
1196,premiere_arabesque,C#,304 1/2,305
1197,premiere_arabesque,E,305,305 1/2
1198,premiere_arabesque,G#,305 1/2,306
1199,premiere_arabesque,C#,306,306 1/2
1200,premiere_arabesque,G#,306 1/2,307
1201,premiere_arabesque,E,307,307 1/2
1202,premiere_arabesque,C#,307 1/2,308
1203,premiere_arabesque,E,308,308 1/2
1204,premiere_arabesque,B,308 1/2,309
1205,premiere_arabesque,E,309,309 1/2
1206,premiere_arabesque,G#,309 1/2,310
1207,premiere_arabesque,B,310,310 1/2
1208,premiere_arabesque,G#,310 1/2,311
1209,premiere_arabesque,E,311,311 1/2
1210,premiere_arabesque,B,311 1/2,312
1211,premiere_arabesque,E,312,312 1/2
1212,premiere_arabesque,C#,312 1/2,313
1213,premiere_arabesque,E,313,313 1/2
1214,premiere_arabesque,G#,313 1/2,314
1215,premiere_arabesque,C#,314,314 1/2
1216,premiere_arabesque,G#,314 1/2,315
1217,premiere_arabesque,E,315,315 1/2
1218,premiere_arabesque,C#,315 1/2,316
1219,premiere_arabesque,F#,316,316 1/2
1220,premiere_arabesque,C#,316 1/2,317
1221,premiere_arabesque,E,317,317 1/2
1222,premiere_arabesque,F#,317 1/2,318
1223,premiere_arabesque,A,318,318 1/2
1224,premiere_arabesque,F#,318 1/2,319
1225,premiere_arabesque,E,319,319 1/2
1226,premiere_arabesque,C#,319 1/2,320
1227,premiere_arabesque,G#,320,320 1/2
1228,premiere_arabesque,C#,320 1/2,321
1229,premiere_arabesque,E,321,321 1/2
1230,premiere_arabesque,G#,321 1/2,322
1231,premiere_arabesque,B,322,322 1/2
1232,premiere_arabesque,G#,322 1/2,323
1233,premiere_arabesque,E,323,323 1/2
1234,premiere_arabesque,C#,323 1/2,324
1235,premiere_arabesque,A,324,324 1/2
1236,premiere_arabesque,E,324 1/2,325
1237,premiere_arabesque,F#,325,325 1/2
1238,premiere_arabesque,A,325 1/2,326
1239,premiere_arabesque,C#,326,326 1/2
1240,premiere_arabesque,A,326 1/2,327
1241,premiere_arabesque,F#,327,327 1/2
1242,premiere_arabesque,E,327 1/2,328
1243,premiere_arabesque,B-,328,328 1/2
1244,premiere_arabesque,E,328 1/2,329
1245,premiere_arabesque,G#,329,329 1/2
1246,premiere_arabesque,C#,329 1/2,330
1247,premiere_arabesque,C#,330,330 1/2
1248,premiere_arabesque,F#,330 1/2,331
1249,premiere_arabesque,B-,331,331 1/2
1250,premiere_arabesque,E,331 1/2,332
1251,premiere_arabesque,E,332,332 1/2
1252,premiere_arabesque,B-,332 1/2,333
1253,premiere_arabesque,C#,333,333 1/2
1254,premiere_arabesque,G#,333 1/2,334
1255,premiere_arabesque,F#,334,334 1/2
1256,premiere_arabesque,C#,334 1/2,335
1257,premiere_arabesque,E,335,335 1/2
1258,premiere_arabesque,B-,335 1/2,336
1259,premiere_arabesque,B-,336,336 1/2
1260,premiere_arabesque,E,336 1/2,337
1261,premiere_arabesque,G#,337,337 1/2
1262,premiere_arabesque,C#,337 1/2,338
1263,premiere_arabesque,C#,338,338 1/2
1264,premiere_arabesque,F#,338 1/2,339
1265,premiere_arabesque,B-,339,339 1/2
1266,premiere_arabesque,E,339 1/2,340
1267,premiere_arabesque,B-,340,340 1/2
1268,premiere_arabesque,E,340 1/2,341
1269,premiere_arabesque,G#,341,341 1/2
1270,premiere_arabesque,C#,341 1/2,342
1271,premiere_arabesque,C#,342,342 1/2
1272,premiere_arabesque,F#,342 1/2,343
1273,premiere_arabesque,B-,343,343 1/2
1274,premiere_arabesque,E,343 1/2,344
1275,premiere_arabesque,C#,344,344 1/3
1276,premiere_arabesque,E,344 1/3,344 2/3
1277,premiere_arabesque,A,344 2/3,345
1278,premiere_arabesque,G#,347,347 1/3
1279,premiere_arabesque,E-,347 1/3,347 2/3
1280,premiere_arabesque,B,347 2/3,348
1281,premiere_arabesque,A,348,348 1/3
1282,premiere_arabesque,C#,348 1/3,348 2/3
1283,premiere_arabesque,F#,348 2/3,349
1284,premiere_arabesque,E,351,351 1/3
1285,premiere_arabesque,B,351 1/3,351 2/3
1286,premiere_arabesque,G#,351 2/3,352
1287,premiere_arabesque,C#,352,354
1288,premiere_arabesque,B,354,356
1289,premiere_arabesque,A,356,358
1290,premiere_arabesque,G#,358,360
1291,premiere_arabesque,F#,360,362
1292,premiere_arabesque,E,362,364
1293,premiere_arabesque,D,364,366
1294,premiere_arabesque,C#,366,368
1295,premiere_arabesque,B,368,370
1296,premiere_arabesque,A,370,372
1297,premiere_arabesque,G#,372,374
1298,premiere_arabesque,F#,374,374 1/3
1299,premiere_arabesque,C#,374 1/3,374 2/3
1300,premiere_arabesque,E,374 2/3,375
1301,premiere_arabesque,F#,375,375 1/3
1302,premiere_arabesque,A,375 1/3,375 2/3
1303,premiere_arabesque,B,375 2/3,376
1304,premiere_arabesque,C#,376,376 1/3
1305,premiere_arabesque,E,376 1/3,376 2/3
1306,premiere_arabesque,A,376 2/3,381 1/3
1307,premiere_arabesque,B,382,382 1/3
1308,premiere_arabesque,B,382 1/3,382 2/3
1309,premiere_arabesque,E-,382 2/3,383
1310,premiere_arabesque,G#,383,383 1/3
1311,premiere_arabesque,B,383 1/3,383 2/3
1312,premiere_arabesque,E-,383 2/3,384
1313,premiere_arabesque,B,386,386 1/3
1314,premiere_arabesque,B,386 1/3,386 2/3
1315,premiere_arabesque,E-,386 2/3,387
1316,premiere_arabesque,A,387,387 1/3
1317,premiere_arabesque,B,387 1/3,387 2/3
1318,premiere_arabesque,E-,387 2/3,388
1319,premiere_arabesque,E,390,390 1/2
1320,premiere_arabesque,B,390 1/2,391
1321,premiere_arabesque,E,391,391 1/2
1322,premiere_arabesque,G#,391 1/2,392
1323,premiere_arabesque,B,392,392 1/2
1324,premiere_arabesque,G#,392 1/2,393
1325,premiere_arabesque,E,393,393 1/2
1326,premiere_arabesque,B,393 1/2,394
1327,premiere_arabesque,E,394,394 1/2
1328,premiere_arabesque,C#,394 1/2,395
1329,premiere_arabesque,E,395,395 1/2
1330,premiere_arabesque,G#,395 1/2,396
1331,premiere_arabesque,C#,396,396 1/2
1332,premiere_arabesque,G#,396 1/2,397
1333,premiere_arabesque,E,397,397 1/2
1334,premiere_arabesque,C#,397 1/2,398
1335,premiere_arabesque,E,398,398 1/2
1336,premiere_arabesque,B,398 1/2,399
1337,premiere_arabesque,E,399,399 1/2
1338,premiere_arabesque,G#,399 1/2,400
1339,premiere_arabesque,B,400,400 1/2
1340,premiere_arabesque,G#,400 1/2,401
1341,premiere_arabesque,E,401,401 1/2
1342,premiere_arabesque,B,401 1/2,402
1343,premiere_arabesque,E,402,402 1/2
1344,premiere_arabesque,C#,402 1/2,403
1345,premiere_arabesque,E,403,403 1/2
1346,premiere_arabesque,G#,403 1/2,404
1347,premiere_arabesque,C#,404,404 1/2
1348,premiere_arabesque,G#,404 1/2,405
1349,premiere_arabesque,E,405,405 1/2
1350,premiere_arabesque,C#,405 1/2,406
1351,premiere_arabesque,E,406,407
1352,premiere_arabesque,B,407,408
1353,premiere_arabesque,E,408,409
1354,premiere_arabesque,G#,409,410
1355,premiere_arabesque,E,410,411
1356,premiere_arabesque,B,411,412
1357,premiere_arabesque,E,412,413
1358,premiere_arabesque,G#,413,414
1359,premiere_arabesque,E,414,415
1360,premiere_arabesque,B,415,416
1361,premiere_arabesque,E,416,417
1362,premiere_arabesque,G#,417,418
1363,premiere_arabesque,E,418,419
1364,premiere_arabesque,B,418,419
1365,premiere_arabesque,E,419,421
1366,premiere_arabesque,B,419,421
1367,premiere_arabesque,E,421,422
1368,premiere_arabesque,B,421,422
1369,premiere_arabesque,E,422,423
1370,premiere_arabesque,E,422,423
1371,premiere_arabesque,A,8 1/3,8 2/3
1372,premiere_arabesque,C#,8 2/3,10
1373,premiere_arabesque,A,10 1/3,10 2/3
1374,premiere_arabesque,C#,10 2/3,12
1375,premiere_arabesque,A,12 1/3,12 2/3
1376,premiere_arabesque,C#,12 2/3,14
1377,premiere_arabesque,A,14 1/3,14 2/3
1378,premiere_arabesque,E,14 2/3,16
1379,premiere_arabesque,E,100 2/3,101
1380,premiere_arabesque,F#,152,155
1381,premiere_arabesque,F#,161,163
1382,premiere_arabesque,E,163,164
1383,premiere_arabesque,F#,168,171
1384,premiere_arabesque,F,171,172
1385,premiere_arabesque,D,216,220
1386,premiere_arabesque,F#,225,227
1387,premiere_arabesque,E,227,228
1388,premiere_arabesque,F#,232,235
1389,premiere_arabesque,F,235,236
1390,premiere_arabesque,G,272,276
1391,premiere_arabesque,G#,276,280
1392,premiere_arabesque,A,288 1/3,288 2/3
1393,premiere_arabesque,C#,288 2/3,290
1394,premiere_arabesque,A,290 1/3,290 2/3
1395,premiere_arabesque,C#,290 2/3,292
1396,premiere_arabesque,A,292 1/3,292 2/3
1397,premiere_arabesque,C#,292 2/3,294
1398,premiere_arabesque,A,294 1/3,294 2/3
1399,premiere_arabesque,E,294 2/3,296
1400,premiere_arabesque,E,352 1/3,352 2/3
1401,premiere_arabesque,A,352 2/3,353
1402,premiere_arabesque,C#,353,353 1/3
1403,premiere_arabesque,A,353 1/3,353 2/3
1404,premiere_arabesque,E,353 2/3,354
1405,premiere_arabesque,E-,354 1/3,354 2/3
1406,premiere_arabesque,G#,354 2/3,355
1407,premiere_arabesque,B,355,355 1/3
1408,premiere_arabesque,G#,355 1/3,355 2/3
1409,premiere_arabesque,E-,355 2/3,356
1410,premiere_arabesque,C#,356 1/3,356 2/3
1411,premiere_arabesque,F#,356 2/3,357
1412,premiere_arabesque,A,357,357 1/3
1413,premiere_arabesque,F#,357 1/3,357 2/3
1414,premiere_arabesque,C#,357 2/3,358
1415,premiere_arabesque,B,358 1/3,358 2/3
1416,premiere_arabesque,E,358 2/3,359
1417,premiere_arabesque,G#,359,359 1/3
1418,premiere_arabesque,E,359 1/3,359 2/3
1419,premiere_arabesque,B,359 2/3,360
1420,premiere_arabesque,A,360 1/3,360 2/3
1421,premiere_arabesque,D,360 2/3,361
1422,premiere_arabesque,F#,361,361 1/3
1423,premiere_arabesque,D,361 1/3,361 2/3
1424,premiere_arabesque,A,361 2/3,362
1425,premiere_arabesque,G#,362 1/3,362 2/3
1426,premiere_arabesque,C#,362 2/3,363
1427,premiere_arabesque,E,363,363 1/3
1428,premiere_arabesque,C#,363 1/3,363 2/3
1429,premiere_arabesque,G#,363 2/3,364
1430,premiere_arabesque,F#,364 1/3,364 2/3
1431,premiere_arabesque,B,364 2/3,365
1432,premiere_arabesque,D,365,365 1/3
1433,premiere_arabesque,B,365 1/3,365 2/3
1434,premiere_arabesque,F#,365 2/3,366
1435,premiere_arabesque,E,366 1/3,366 2/3
1436,premiere_arabesque,A,366 2/3,367
1437,premiere_arabesque,C#,367,367 1/3
1438,premiere_arabesque,A,367 1/3,367 2/3
1439,premiere_arabesque,E,367 2/3,368
1440,premiere_arabesque,F,368 1/3,368 2/3
1441,premiere_arabesque,G#,368 2/3,369
1442,premiere_arabesque,B,369,369 1/3
1443,premiere_arabesque,G#,369 1/3,369 2/3
1444,premiere_arabesque,F,369 2/3,370
1445,premiere_arabesque,C#,370 1/3,370 2/3
1446,premiere_arabesque,F#,370 2/3,371
1447,premiere_arabesque,A,371,371 1/3
1448,premiere_arabesque,F#,371 1/3,371 2/3
1449,premiere_arabesque,C#,371 2/3,372
1450,premiere_arabesque,B,372 1/3,372 2/3
1451,premiere_arabesque,E,372 2/3,373
1452,premiere_arabesque,G#,373,373 1/3
1453,premiere_arabesque,E,373 1/3,373 2/3
1454,premiere_arabesque,B,373 2/3,374
